0,indice
https://www.proec.unicamp.br/,0
https://www.proec.unicamp.br/,1
https://www.proec.unicamp.br/equipe,2
https://www.proec.unicamp.br/adm,3
https://www.proec.unicamp.br/extensao48,4
https://www.proec.unicamp.br/editais_acoes_ext,5
https://www.proec.unicamp.br/paginas/editalcoltec,6
https://www.proec.unicamp.br/editais_cultura,7
https://www.proec.unicamp.br/editais_ead,8
https://www.proec.unicamp.br/editais_itcp,9
https://www.proec.unicamp.br/editais_acoes_ext_pesquisa,10
https://www.proec.unicamp.br/editais_premio_extensao,11
https://www.proec.unicamp.br/editais_proext,12
https://www.proec.unicamp.br/eventos,13
https://www.proec.unicamp.br/noticias,14
https://www.proec.unicamp.br/contatos,15
https://www.proec.unicamp.br/paginas/logotipos,16
https://www.proec.unicamp.br/paginas/congresso,17
https://www.proec.unicamp.br/noticias/audiencia-publica-discute-financiamento-da-extensao-universitaria-na-comissao-de-educacao-da-camara,18
https://www.proec.unicamp.br/extensao48,19
https://www.proec.unicamp.br/noticias/biblioteca-comunitaria-da-unicamp-recebe-doacoes-e-planeja-expansao,20
https://www.proec.unicamp.br/noticias/biblioteca-comunitaria-da-unicamp-recebe-doacoes-e-planeja-expansao,21
https://www.proec.unicamp.br/noticias/12a-mostra-ecofalante-de-cinema-acontece-em-sao-paulo,22
https://www.proec.unicamp.br/noticias/12a-mostra-ecofalante-de-cinema-acontece-em-sao-paulo,23
https://www.proec.unicamp.br/noticias/dia-do-desafio-1,24
https://www.proec.unicamp.br/noticias/dia-do-desafio-1,25
https://www.proec.unicamp.br/noticias/programas-terra-e-colmeias-de-cursinhos-passam-a-fazer-parte-da-proec,26
https://www.proec.unicamp.br/noticias/programas-terra-e-colmeias-de-cursinhos-passam-a-fazer-parte-da-proec,27
https://www.proec.unicamp.br/noticias,28
https://www.proec.unicamp.br/eventos,29
https://www.proec.unicamp.br,30
https://www.proec.unicamp.br/contatos,31
https://www.proec.unicamp.br/sobre,32
